{
  "optimization_date": "2026-01-29T23:50:39.381073",
  "data_file": "data/historical/BTCUSDT_15m_730d.json",
  "trials": 300,
  "leverage": 7,
  "train_test_split": 0.7,
  "best_score": 4.734098153576075,
  "best_params": {
    "rsi_period": 14,
    "rsi_block_threshold": 0.7,
    "atr_period": 10,
    "grid_count": 12,
    "atr_multiplier": 4.0,
    "stop_loss_atr_mult": 1.5,
    "take_profit_grids": 2,
    "max_hold_bars": 16,
    "use_trailing_stop": false,
    "trailing_activate_pct": 0.015,
    "trailing_distance_pct": 0.008,
    "vol_atr_baseline_period": 100,
    "vol_ratio_low": 0.7,
    "vol_ratio_high": 2.5
  },
  "best_trial_attrs": {
    "train_trades": 4868,
    "train_sharpe": 1.4503786810973018,
    "train_return": 15.540869949893205,
    "test_trades": 1781,
    "test_sharpe": 1.4758324326042278,
    "test_return": 5.485898520165785,
    "test_dd": 3.709949425080807,
    "oos_is_ratio": 1.0175497281080197
  },
  "full_result": {
    "total_return_pct": 21.053092995466102,
    "annual_return_pct": 10.024280514610417,
    "sharpe_ratio": 1.4517811847845958,
    "max_drawdown_pct": 4.685963051439855,
    "win_rate": 51.852409638554214,
    "total_trades": 6640,
    "trades_per_day": 9.096020205767775
  },
  "top_10_trials": [
    {
      "number": 200,
      "value": 4.734098153576075,
      "params": {
        "rsi_period": 14,
        "rsi_block_threshold": 0.7,
        "atr_period": 10,
        "grid_count": 12,
        "atr_multiplier": 4.0,
        "stop_loss_atr_mult": 1.5,
        "take_profit_grids": 2,
        "max_hold_bars": 16,
        "use_trailing_stop": false,
        "trailing_activate_pct": 0.015,
        "trailing_distance_pct": 0.008,
        "vol_atr_baseline_period": 100,
        "vol_ratio_low": 0.7,
        "vol_ratio_high": 2.5
      },
      "user_attrs": {
        "train_trades": 4868,
        "train_sharpe": 1.4503786810973018,
        "train_return": 15.540869949893205,
        "test_trades": 1781,
        "test_sharpe": 1.4758324326042278,
        "test_return": 5.485898520165785,
        "test_dd": 3.709949425080807,
        "oos_is_ratio": 1.0175497281080197
      }
    },
    {
      "number": 201,
      "value": 4.734098153576075,
      "params": {
        "rsi_period": 14,
        "rsi_block_threshold": 0.7,
        "atr_period": 10,
        "grid_count": 12,
        "atr_multiplier": 4.0,
        "stop_loss_atr_mult": 1.5,
        "take_profit_grids": 2,
        "max_hold_bars": 16,
        "use_trailing_stop": false,
        "trailing_activate_pct": 0.015,
        "trailing_distance_pct": 0.008,
        "vol_atr_baseline_period": 100,
        "vol_ratio_low": 0.7,
        "vol_ratio_high": 2.5
      },
      "user_attrs": {
        "train_trades": 4868,
        "train_sharpe": 1.4503786810973018,
        "train_return": 15.540869949893205,
        "test_trades": 1781,
        "test_sharpe": 1.4758324326042278,
        "test_return": 5.485898520165785,
        "test_dd": 3.709949425080807,
        "oos_is_ratio": 1.0175497281080197
      }
    },
    {
      "number": 202,
      "value": 4.734098153576075,
      "params": {
        "rsi_period": 14,
        "rsi_block_threshold": 0.7,
        "atr_period": 10,
        "grid_count": 12,
        "atr_multiplier": 4.0,
        "stop_loss_atr_mult": 1.5,
        "take_profit_grids": 2,
        "max_hold_bars": 16,
        "use_trailing_stop": false,
        "trailing_activate_pct": 0.015,
        "trailing_distance_pct": 0.008,
        "vol_atr_baseline_period": 100,
        "vol_ratio_low": 0.7,
        "vol_ratio_high": 2.5
      },
      "user_attrs": {
        "train_trades": 4868,
        "train_sharpe": 1.4503786810973018,
        "train_return": 15.540869949893205,
        "test_trades": 1781,
        "test_sharpe": 1.4758324326042278,
        "test_return": 5.485898520165785,
        "test_dd": 3.709949425080807,
        "oos_is_ratio": 1.0175497281080197
      }
    },
    {
      "number": 203,
      "value": 4.734098153576075,
      "params": {
        "rsi_period": 14,
        "rsi_block_threshold": 0.7,
        "atr_period": 10,
        "grid_count": 12,
        "atr_multiplier": 4.0,
        "stop_loss_atr_mult": 1.5,
        "take_profit_grids": 2,
        "max_hold_bars": 16,
        "use_trailing_stop": false,
        "trailing_activate_pct": 0.015,
        "trailing_distance_pct": 0.008,
        "vol_atr_baseline_period": 100,
        "vol_ratio_low": 0.7,
        "vol_ratio_high": 2.5
      },
      "user_attrs": {
        "train_trades": 4868,
        "train_sharpe": 1.4503786810973018,
        "train_return": 15.540869949893205,
        "test_trades": 1781,
        "test_sharpe": 1.4758324326042278,
        "test_return": 5.485898520165785,
        "test_dd": 3.709949425080807,
        "oos_is_ratio": 1.0175497281080197
      }
    },
    {
      "number": 204,
      "value": 4.734098153576075,
      "params": {
        "rsi_period": 14,
        "rsi_block_threshold": 0.7,
        "atr_period": 10,
        "grid_count": 12,
        "atr_multiplier": 4.0,
        "stop_loss_atr_mult": 1.5,
        "take_profit_grids": 2,
        "max_hold_bars": 16,
        "use_trailing_stop": false,
        "trailing_activate_pct": 0.015,
        "trailing_distance_pct": 0.008,
        "vol_atr_baseline_period": 100,
        "vol_ratio_low": 0.7,
        "vol_ratio_high": 2.5
      },
      "user_attrs": {
        "train_trades": 4868,
        "train_sharpe": 1.4503786810973018,
        "train_return": 15.540869949893205,
        "test_trades": 1781,
        "test_sharpe": 1.4758324326042278,
        "test_return": 5.485898520165785,
        "test_dd": 3.709949425080807,
        "oos_is_ratio": 1.0175497281080197
      }
    },
    {
      "number": 206,
      "value": 4.734098153576075,
      "params": {
        "rsi_period": 14,
        "rsi_block_threshold": 0.7,
        "atr_period": 10,
        "grid_count": 12,
        "atr_multiplier": 4.0,
        "stop_loss_atr_mult": 1.5,
        "take_profit_grids": 2,
        "max_hold_bars": 16,
        "use_trailing_stop": false,
        "trailing_activate_pct": 0.015,
        "trailing_distance_pct": 0.008,
        "vol_atr_baseline_period": 100,
        "vol_ratio_low": 0.7,
        "vol_ratio_high": 2.5
      },
      "user_attrs": {
        "train_trades": 4868,
        "train_sharpe": 1.4503786810973018,
        "train_return": 15.540869949893205,
        "test_trades": 1781,
        "test_sharpe": 1.4758324326042278,
        "test_return": 5.485898520165785,
        "test_dd": 3.709949425080807,
        "oos_is_ratio": 1.0175497281080197
      }
    },
    {
      "number": 207,
      "value": 4.734098153576075,
      "params": {
        "rsi_period": 14,
        "rsi_block_threshold": 0.7,
        "atr_period": 10,
        "grid_count": 12,
        "atr_multiplier": 4.0,
        "stop_loss_atr_mult": 1.5,
        "take_profit_grids": 2,
        "max_hold_bars": 16,
        "use_trailing_stop": false,
        "trailing_activate_pct": 0.015,
        "trailing_distance_pct": 0.008,
        "vol_atr_baseline_period": 100,
        "vol_ratio_low": 0.7,
        "vol_ratio_high": 2.5
      },
      "user_attrs": {
        "train_trades": 4868,
        "train_sharpe": 1.4503786810973018,
        "train_return": 15.540869949893205,
        "test_trades": 1781,
        "test_sharpe": 1.4758324326042278,
        "test_return": 5.485898520165785,
        "test_dd": 3.709949425080807,
        "oos_is_ratio": 1.0175497281080197
      }
    },
    {
      "number": 211,
      "value": 4.734098153576075,
      "params": {
        "rsi_period": 14,
        "rsi_block_threshold": 0.7,
        "atr_period": 10,
        "grid_count": 12,
        "atr_multiplier": 4.0,
        "stop_loss_atr_mult": 1.5,
        "take_profit_grids": 2,
        "max_hold_bars": 16,
        "use_trailing_stop": false,
        "trailing_activate_pct": 0.015,
        "trailing_distance_pct": 0.008,