{
  "optimization_date": "2026-01-29T20:36:37.316130",
  "data_file": "data/historical/BTCUSDT_15m_730d.json",
  "trials": 300,
  "leverage": 5,
  "train_test_split": 0.7,
  "best_score": -0.9388533564092452,
  "best_params": {
    "rsi_period": 5,
    "rsi_block_threshold": 0.9,
    "atr_period": 10,
    "grid_count": 8,
    "atr_multiplier": 3.5,
    "stop_loss_atr_mult": 1.5,
    "take_profit_grids": 1,
    "max_hold_bars": 12,
    "use_trailing_stop": false,
    "trailing_activate_pct": 0.005,
    "trailing_distance_pct": 0.005
  },
  "best_trial_attrs": {
    "train_trades": 10448,
    "train_sharpe": 6.114744191818185,
    "train_return": 54.51618277996855,
    "test_trades": 4182,
    "test_sharpe": 3.268385756622935,
    "test_return": 10.436549948280435,
    "test_dd": 3.8090635144709957,
    "oos_is_ratio": 0.5345089923788126
  },
  "full_result": {
    "total_return_pct": 65.46961370952553,
    "annual_return_pct": 28.63545500699174,
    "sharpe_ratio": 5.414599338777826,
    "max_drawdown_pct": 2.820878921073027,
    "win_rate": 65.90800355409746,
    "total_trades": 14631,
    "trades_per_day": 20.04275175159463
  },
  "top_10_trials": [
    {
      "number": 224,
      "value": -0.9388533564092452,
      "params": {
        "rsi_period": 5,
        "rsi_block_threshold": 0.9,
        "atr_period": 10,
        "grid_count": 8,
        "atr_multiplier": 3.5,
        "stop_loss_atr_mult": 1.5,
        "take_profit_grids": 1,
        "max_hold_bars": 12,
        "use_trailing_stop": false,
        "trailing_activate_pct": 0.005,
        "trailing_distance_pct": 0.005
      },
      "user_attrs": {
        "train_trades": 10448,
        "train_sharpe": 6.114744191818185,
        "train_return": 54.51618277996855,
        "test_trades": 4182,
        "test_sharpe": 3.268385756622935,
        "test_return": 10.436549948280435,
        "test_dd": 3.8090635144709957,
        "oos_is_ratio": 0.5345089923788126
      }
    },
    {
      "number": 225,
      "value": -0.9388533564092452,
      "params": {
        "rsi_period": 5,
        "rsi_block_threshold": 0.9,
        "atr_period": 10,
        "grid_count": 8,
        "atr_multiplier": 3.5,
        "stop_loss_atr_mult": 1.5,
        "take_profit_grids": 1,
        "max_hold_bars": 12,
        "use_trailing_stop": false,
        "trailing_activate_pct": 0.005,
        "trailing_distance_pct": 0.005
      },
      "user_attrs": {
        "train_trades": 10448,
        "train_sharpe": 6.114744191818185,
        "train_return": 54.51618277996855,
        "test_trades": 4182,
        "test_sharpe": 3.268385756622935,
        "test_return": 10.436549948280435,
        "test_dd": 3.8090635144709957,
        "oos_is_ratio": 0.5345089923788126
      }
    },
    {
      "number": 231,
      "value": -0.9388533564092452,
      "params": {
        "rsi_period": 5,
        "rsi_block_threshold": 0.9,
        "atr_period": 10,
        "grid_count": 8,
        "atr_multiplier": 3.5,
        "stop_loss_atr_mult": 1.5,
        "take_profit_grids": 1,
        "max_hold_bars": 12,
        "use_trailing_stop": false,
        "trailing_activate_pct": 0.005,
        "trailing_distance_pct": 0.005
      },
      "user_attrs": {
        "train_trades": 10448,
        "train_sharpe": 6.114744191818185,
        "train_return": 54.51618277996855,
        "test_trades": 4182,
        "test_sharpe": 3.268385756622935,
        "test_return": 10.436549948280435,
        "test_dd": 3.8090635144709957,
        "oos_is_ratio": 0.5345089923788126
      }
    },
    {
      "number": 232,
      "value": -0.9388533564092452,
      "params": {
        "rsi_period": 5,
        "rsi_block_threshold": 0.9,
        "atr_period": 10,
        "grid_count": 8,
        "atr_multiplier": 3.5,
        "stop_loss_atr_mult": 1.5,
        "take_profit_grids": 1,
        "max_hold_bars": 12,
        "use_trailing_stop": false,
        "trailing_activate_pct": 0.005,
        "trailing_distance_pct": 0.005
      },
      "user_attrs": {
        "train_trades": 10448,
        "train_sharpe": 6.114744191818185,
        "train_return": 54.51618277996855,
        "test_trades": 4182,
        "test_sharpe": 3.268385756622935,
        "test_return": 10.436549948280435,
        "test_dd": 3.8090635144709957,
        "oos_is_ratio": 0.5345089923788126
      }
    },
    {
      "number": 233,
      "value": -0.9388533564092452,
      "params": {
        "rsi_period": 5,
        "rsi_block_threshold": 0.9,
        "atr_period": 10,
        "grid_count": 8,
        "atr_multiplier": 3.5,
        "stop_loss_atr_mult": 1.5,
        "take_profit_grids": 1,
        "max_hold_bars": 12,
        "use_trailing_stop": false,
        "trailing_activate_pct": 0.005,
        "trailing_distance_pct": 0.005
      },
      "user_attrs": {
        "train_trades": 10448,
        "train_sharpe": 6.114744191818185,
        "train_return": 54.51618277996855,
        "test_trades": 4182,
        "test_sharpe": 3.268385756622935,
        "test_return": 10.436549948280435,
        "test_dd": 3.8090635144709957,
        "oos_is_ratio": 0.5345089923788126
      }
    },
    {
      "number": 234,
      "value": -0.9388533564092452,
      "params": {
        "rsi_period": 5,
        "rsi_block_threshold": 0.9,
        "atr_period": 10,
        "grid_count": 8,
        "atr_multiplier": 3.5,
        "stop_loss_atr_mult": 1.5,
        "take_profit_grids": 1,
        "max_hold_bars": 12,
        "use_trailing_stop": false,
        "trailing_activate_pct": 0.005,
        "trailing_distance_pct": 0.005
      },
      "user_attrs": {
        "train_trades": 10448,
        "train_sharpe": 6.114744191818185,
        "train_return": 54.51618277996855,
        "test_trades": 4182,
        "test_sharpe": 3.268385756622935,
        "test_return": 10.436549948280435,
        "test_dd": 3.8090635144709957,
        "oos_is_ratio": 0.5345089923788126
      }
    },
    {
      "number": 235,
      "value": -0.9388533564092452,
      "params": {
        "rsi_period": 5,
        "rsi_block_threshold": 0.9,
        "atr_period": 10,
        "grid_count": 8,
        "atr_multiplier": 3.5,
        "stop_loss_atr_mult": 1.5,
        "take_profit_grids": 1,
        "max_hold_bars": 12,
        "use_trailing_stop": false,
        "trailing_activate_pct": 0.005,
        "trailing_distance_pct": 0.005
      },
      "user_attrs": {
        "train_trades": 10448,
        "train_sharpe": 6.114744191818185,
        "train_return": 54.51618277996855,
        "test_trades": 4182,
        "test_sharpe": 3.268385756622935,
        "test_return": 10.436549948280435,
        "test_dd": 3.8090635144709957,
        "oos_is_ratio": 0.5345089923788126
      }
    },
    {
      "number": 236,
      "value": -0.9388533564092452,
      "params": {
        "rsi_period": 5,
        "rsi_block_threshold": 0.9,
        "atr_period": 10,
        "grid_count": 8,
        "atr_multiplier": 3.5,
        "stop_loss_atr_mult": 1.5,
        "take_profit_grids": 1,
        "max_hold_bars": 12,
        "use_trailing_stop": false,
        "trailing_activate_pct": 0.005,
        "trailing_distance_pct": 0.005
      },
      "user_attrs": {
        "train_trades": 10448,
        "train_sharpe": 6.114744191818185,
        "train_return": 54.51618277996855,
        "test_trades": 4182,
        "test_sharpe": 3.268385756622935,
        "test_return": 10.436549948280435,
        "test_dd": 3.8090635144709957,
        "oos_is_ratio": 0.5345089923788126
      }
    },
    {
      "number": 237,
      "value": -0.9388533564092452,
      "params": {
        "rsi_period": 5,
        "rsi_block_threshold": 0.9,
        "atr_period": 10,
        "grid_count": 8,
        "atr_multiplier": 3.5,
        "stop_loss_atr_mult": 1.5,
        "take_profit_grids": 1,
        "max_hold_bars": 12,
        "use_trailing_stop": false,
        "trailing_activate_pct": 0.005,
        "trailing_distance_pct": 0.005
      },